,0
0,0.10000000149011612
1,0.10000000149011612
2,0.0
3,0.0
4,0.0
5,0.0
6,0.0
7,0.0
8,0.0
9,0.0
10,0.0
11,0.0
12,0.0
13,0.0
14,0.0
15,0.0
16,0.0
17,0.0
18,0.0
19,0.0
20,0.09000000171363354
21,0.0
22,0.0
23,0.0
24,0.0
25,0.0
26,0.0
27,0.0
28,0.0
29,0.0
30,0.0
31,0.0
32,0.0
33,0.0
34,0.10000000149011612
35,0.0
36,0.0
37,0.0
38,0.0
39,0.0
40,0.0
41,0.0
42,0.0
43,0.0
44,0.10000000149011612
45,0.0
46,0.0
47,0.0
48,0.09000000171363354
49,0.0
50,0.09000000171363354
51,0.0
52,0.10000000149011612
53,0.0
54,0.0
55,0.0
56,0.0
57,0.0
58,0.0
59,0.0
60,0.0
61,0.0
62,0.0
63,0.0
64,0.0
65,0.0
66,0.10000000149011612
67,0.0
68,0.0
69,0.0
70,0.0
71,0.0
72,0.0
73,0.0
74,0.0
75,0.0
76,0.0
77,0.10000000149011612
78,0.0
79,0.0
80,0.10000000149011612
81,0.10000000149011612
82,0.0
83,0.0
84,0.0
85,0.0
86,0.0
87,0.0
88,0.0
89,0.09000000171363354
90,0.0
91,0.0
92,0.0
93,0.10000000149011612
94,0.10000000149011612
95,0.10000000149011612
96,0.0
97,0.0
98,0.0
99,0.0
100,0.10000000149011612
101,0.0
102,0.0
103,0.10000000149011612
104,0.0
105,0.0
106,0.0
107,0.0
108,0.0
109,0.0
110,0.10000000149011612
111,0.0
112,0.0
113,0.0
114,0.0
115,0.0
116,0.0
117,0.0
118,0.0
119,0.0
120,0.0
121,0.0
122,0.0
123,0.0
124,0.0
125,0.0
126,0.0
127,0.0
128,0.0
129,0.0
130,0.0
131,0.0
132,0.0
133,0.0
134,0.10000000149011612
135,0.0
136,0.0
137,0.0
138,0.0
139,0.0
140,0.0
141,0.0
142,0.0
143,0.0
144,0.0
145,0.0
146,0.0
147,0.0
148,0.0
149,0.0
150,0.0
151,0.0
152,0.0
153,0.0
154,0.0
155,0.0
156,0.0
157,0.0
158,0.0
159,0.0
160,0.20000000298023224
161,0.0
162,0.0
163,0.0
164,0.10000000149011612
165,0.0
166,0.0
167,0.0
168,0.0
169,0.0
170,0.0
171,0.0
172,0.0
173,0.0
174,0.0
175,0.10000000149011612
176,0.0
177,0.0
178,0.0
179,0.0
180,0.0
181,0.0
182,0.0
183,0.10000000149011612
184,0.0
185,0.0
186,0.0
187,0.0
188,0.10000000149011612
189,0.0
190,0.0
191,0.0
192,0.0
193,0.0
194,0.0
195,0.0
196,0.0
197,0.0
198,0.0
199,0.0
200,0.0
201,0.0
202,0.10000000149011612
203,0.0
204,0.0
205,0.0
206,0.0
207,0.0
208,0.0
209,0.0
210,0.0
211,0.0
212,0.0
213,0.0
214,0.0
215,0.0
216,0.0
217,0.0
218,0.0
219,0.0
220,0.0
221,0.0
222,0.0
223,0.0
224,0.0
225,0.0
226,0.0
227,0.0
228,0.0
229,0.0
230,0.0
231,0.0
232,0.0
233,0.0
234,0.0
235,0.10000000149011612
236,0.0
237,0.0
238,0.0
239,0.10000000149011612
240,0.0
241,0.0
242,0.09000000171363354
243,0.0
244,0.09000000171363354
245,0.0
246,0.0
247,0.0
248,0.0
249,0.10000000149011612
250,0.0
251,0.0
252,0.0
253,0.0
254,0.0
255,0.0
256,0.0
257,0.0
258,0.10000000149011612
259,0.0
260,0.0
261,0.0
262,0.10000000149011612
263,0.0
264,0.0
265,0.0
266,0.0
267,0.0
268,0.10000000149011612
269,0.0
270,0.0
271,0.0
272,0.0
273,0.0
274,0.0
275,0.0
276,0.0
277,0.0
278,0.0
279,0.10000000149011612
280,0.0
281,0.0
282,0.0
283,0.10000000149011612
284,0.0
285,0.0
286,0.0
287,0.0
288,0.09000000171363354
289,0.0
290,0.0
291,0.0
292,0.10000000149011612
293,0.0
294,0.0
295,0.0
296,0.0
297,0.0
298,0.0
299,0.10000000149011612
300,0.0
301,0.0
302,0.0
303,0.0
304,0.10000000149011612
305,0.0
306,0.10000000149011612
307,0.10000000149011612
308,0.10000000149011612
309,0.0
310,0.0
311,0.0
312,0.0
313,0.0
314,0.0
315,0.10000000149011612
316,0.10000000149011612
317,0.0
318,0.10000000149011612
319,0.0
320,0.0
321,0.0
322,0.0
323,0.0
324,0.0
325,0.0
326,0.0
327,0.0
328,0.0
329,0.0
330,0.0
331,0.10000000149011612
332,0.0
333,0.0
334,0.0
335,0.0
336,0.10000000149011612
337,0.0
338,0.10000000149011612
339,0.0
340,0.09000000171363354
341,0.0
342,0.0
343,0.0
344,0.0
345,0.0
346,0.0
347,0.0
348,0.0
349,0.0
350,0.0
351,0.0
352,0.0
353,0.0
354,0.10000000149011612
355,0.0
356,0.0
357,0.0
358,0.10000000149011612
359,0.0
360,0.0
361,0.0
362,0.0
363,0.0
364,0.10000000149011612
365,0.0
366,0.0
367,0.10000000149011612
368,0.0
369,0.0
370,0.0
371,0.0
372,0.0
373,0.0
374,0.0
375,0.0
376,0.0
377,0.0
378,0.0
379,0.0
380,0.10000000149011612
381,0.10000000149011612
382,0.0
383,0.10000000149011612
384,0.0
385,0.0
386,0.0
387,0.0
388,0.0
389,0.0
390,0.0
391,0.0
392,0.0
393,0.0
394,0.0
395,0.10000000149011612
396,0.0
397,0.0
398,0.0
399,0.0
400,0.0
401,0.0
402,0.20000000298023224
403,0.0
404,0.0
405,0.0
406,0.0
407,0.0
408,0.10000000149011612
409,0.0
410,0.0
411,0.0
412,0.0
413,0.10000000149011612
414,0.0
415,0.10000000149011612
416,0.0
417,0.10000000149011612
418,0.0
419,0.0
420,0.0
421,0.10000000149011612
422,0.0
423,0.0
424,0.0
425,0.0
426,0.10000000149011612
427,0.0
428,0.0
429,0.0
430,0.10000000149011612
431,0.10000000149011612
432,0.10000000149011612
433,0.0
434,0.0
435,0.0
436,0.0
437,0.0
438,0.0
439,0.0
440,0.0
441,0.0
442,0.0
443,0.0
444,0.0
445,0.10000000149011612
446,0.0
447,0.0
448,0.0
449,0.10000000149011612
450,0.0
451,0.0
452,0.0
453,0.0
454,0.0
455,0.0
456,0.0
457,0.10000000149011612
458,0.0
459,0.0
460,0.10000000149011612
461,0.0
462,0.10000000149011612
463,0.0
464,0.0
465,0.0
466,0.0
467,0.0
468,0.0
469,0.0
470,0.0
471,0.0
472,0.10000000149011612
473,0.0
474,0.0
475,0.10000000149011612
476,0.0
477,0.0
478,0.19000000320374966
479,0.0
480,0.10000000149011612
481,0.0
482,0.0
483,0.0
484,0.0
485,0.0
486,0.0
487,0.0
488,0.0
489,0.0
490,0.10000000149011612
491,0.0
492,0.0
493,0.0
494,0.10000000149011612
495,0.0
496,0.0
497,0.0
498,0.20000000298023224
499,0.0
500,0.0
501,0.0
502,0.0
503,0.0
504,0.0
505,0.10000000149011612
506,0.0
507,0.10000000149011612
508,0.0
509,0.0
510,0.0
511,0.0
512,0.10000000149011612
513,0.0
514,0.10000000149011612
515,0.0
516,0.0
517,0.0
518,0.10000000149011612
519,0.10000000149011612
520,0.10000000149011612
521,0.0
522,0.10000000149011612
523,0.0
524,0.0
525,0.0
526,0.10000000149011612
527,0.0
528,0.0
529,0.0
530,0.0
531,0.0
532,0.0
533,0.0
534,0.0
535,0.10000000149011612
536,0.0
537,0.0
538,0.0
539,0.0
540,0.0
541,0.10000000149011612
542,0.0
543,0.0
544,0.0
545,0.0
546,0.0
547,0.0
548,0.0
549,0.0
550,0.0
551,0.0
552,0.10000000149011612
553,0.10000000149011612
554,0.10000000149011612
555,0.0
556,0.0
557,0.0
558,0.10000000149011612
559,0.0
560,0.0
561,0.0
562,0.0
563,0.0
564,0.0
565,0.0
566,0.09000000171363354
567,0.0
568,0.0
569,0.10000000149011612
570,0.0
571,0.0
572,0.0
573,0.0
574,0.0
575,0.0
576,0.0
577,0.0
578,0.0
579,0.0
580,0.0
581,0.0
582,0.10000000149011612
583,0.10000000149011612
584,0.0
585,0.0
586,0.0
587,0.0
588,0.0
589,0.0
590,0.10000000149011612
591,0.0
592,0.0
593,0.0
594,0.0
595,0.0
596,0.0
597,0.10000000149011612
598,0.0
599,0.10000000149011612
600,0.10000000149011612
601,0.10000000149011612
602,0.0
603,0.0
604,0.10000000149011612
605,0.0
606,0.0
607,0.0
608,0.0
609,0.09000000171363354
610,0.09000000171363354
611,0.0
612,0.0
613,0.10000000149011612
614,0.0
615,0.0
616,0.0
617,0.0
618,0.0
619,0.10000000149011612
620,0.10000000149011612
621,0.0
622,0.10000000149011612
623,0.0
624,0.0
625,0.0
626,0.0
627,0.0
628,0.0
629,0.10000000149011612
630,0.10000000149011612
631,0.0
632,0.0
633,0.10000000149011612
634,0.0
635,0.0
636,0.10000000149011612
637,0.0
638,0.0
639,0.0
640,0.0
641,0.0
642,0.0
643,0.0
644,0.0
645,0.10000000149011612
646,0.0
647,0.0
648,0.10000000149011612
649,0.0
650,0.0
651,0.10000000149011612
652,0.0
653,0.0
654,0.0
655,0.0
656,0.09000000171363354
657,0.20000000298023224
658,0.0
659,0.10000000149011612
660,0.0
661,0.0
662,0.0
663,0.0
664,0.0
665,0.0
666,0.0
667,0.09000000171363354
668,0.10000000149011612
669,0.0
670,0.0
671,0.0
672,0.0
673,0.10000000149011612
674,0.0
675,0.0
676,0.0
677,0.0
678,0.0
679,0.0
680,0.0
681,0.0
682,0.10000000149011612
683,0.0
684,0.0
685,0.0
686,0.0
687,0.0
688,0.0
689,0.10000000149011612
690,0.10000000149011612
691,0.0
692,0.0
693,0.0
694,0.0
695,0.0
696,0.0
697,0.0
698,0.10000000149011612
699,0.0
700,0.0
701,0.0
702,0.10000000149011612
703,0.10000000149011612
704,0.0
705,0.0
706,0.0
707,0.0
708,0.0
709,0.0
710,0.0
711,0.0
712,0.0
713,0.10000000149011612
714,0.0
715,0.0
716,0.0
717,0.0
718,0.0
719,0.0
720,0.0
721,0.0
722,0.0
723,0.10000000149011612
724,0.0
725,0.0
726,0.0
727,0.0
728,0.0
729,0.10000000149011612
730,0.10000000149011612
731,0.10000000149011612
732,0.0
733,0.0
734,0.0
735,0.0
736,0.0
737,0.10000000149011612
738,0.10000000149011612
739,0.0
740,0.10000000149011612
741,0.0
742,0.0
743,0.0
744,0.0
745,0.0
746,0.10000000149011612
747,0.0
748,0.0
749,0.0
750,0.0
751,0.0
752,0.0
753,0.10000000149011612
754,0.0
755,0.0
756,0.0
757,0.0
758,0.0
759,0.0
760,0.10000000149011612
761,0.0
762,0.0
763,0.10000000149011612
764,0.0
765,0.10000000149011612
766,0.0
767,0.0
768,0.0
769,0.10000000149011612
770,0.0
771,0.0
772,0.10000000149011612
773,0.0
774,0.0
775,0.0
776,0.0
777,0.0
778,0.0
779,0.0
780,0.0
781,0.0
782,0.0
783,0.0
784,0.10000000149011612
785,0.0
786,0.0
787,0.0
788,0.0
789,0.0
790,0.0
791,0.0
792,0.0
793,0.10000000149011612
794,0.0
795,0.0
796,0.10000000149011612
797,0.10000000149011612
798,0.0
799,0.10000000149011612
800,0.10000000149011612
801,0.0
802,0.0
803,0.0
804,0.10000000149011612
805,0.0
806,0.0
807,0.0
808,0.10000000149011612
809,0.10000000149011612
810,0.0
811,0.0
812,0.0
813,0.0
814,0.0
815,0.10000000149011612
816,0.0
817,0.10000000149011612
818,0.0
819,0.0
820,0.0
821,0.0
822,0.0
823,0.0
824,0.0
825,0.10000000149011612
826,0.0
827,0.10000000149011612
828,0.0
829,0.0
830,0.09000000171363354
831,0.0
832,0.0
833,0.10000000149011612
834,0.0
835,0.0
836,0.0
837,0.10000000149011612
838,0.10000000149011612
839,0.0
840,0.0
841,0.10000000149011612
842,0.0
843,0.0
844,0.10000000149011612
845,0.10000000149011612
846,0.10000000149011612
847,0.0
848,0.0
849,0.0
850,0.0
851,0.10000000149011612
852,0.0
853,0.10000000149011612
854,0.10000000149011612
855,0.10000000149011612
856,0.0
857,0.0
858,0.0
859,0.0
860,0.0
861,0.10000000149011612
862,0.10000000149011612
863,0.0
864,0.0
865,0.0
866,0.0
867,0.0
868,0.0
869,0.0
870,0.10000000149011612
871,0.0
872,0.0
873,0.0
874,0.10000000149011612
875,0.0
876,0.0
877,0.0
878,0.0
879,0.0
880,0.0
881,0.0
882,0.10000000149011612
883,0.0
884,0.0
885,0.10000000149011612
886,0.0
887,0.0
888,0.10000000149011612
889,0.0
890,0.0
891,0.0
892,0.10000000149011612
893,0.0
894,0.0
895,0.0
896,0.0
897,0.0
898,0.0
899,0.10000000149011612
900,0.10000000149011612
901,0.0
902,0.0
903,0.0
904,0.0
905,0.10000000149011612
906,0.10000000149011612
907,0.0
908,0.0
909,0.10000000149011612
910,0.10000000149011612
911,0.10000000149011612
912,0.0
913,0.0
914,0.0
915,0.0
916,0.10000000149011612
917,0.10000000149011612
918,0.10000000149011612
919,0.0
920,0.0
921,0.0
922,0.0
923,0.0
924,0.10000000149011612
925,0.10000000149011612
926,0.10000000149011612
927,0.0
928,0.0
929,0.10000000149011612
930,0.0
931,0.0
932,0.0
933,0.0
934,0.10000000149011612
935,0.0
936,0.0
937,0.10000000149011612
938,0.09000000171363354
939,0.0
940,0.09000000171363354
941,0.0
942,0.0
943,0.0
944,0.0
945,0.0
946,0.0
947,0.09000000171363354
948,0.10000000149011612
949,0.10000000149011612
950,0.10000000149011612
951,0.10000000149011612
952,0.0
953,0.0
954,0.0
955,0.0
956,0.0
957,0.0
958,0.0
959,0.10000000149011612
960,0.10000000149011612
961,0.09000000171363354
962,0.0
963,0.0
964,0.0
965,0.09000000171363354
966,0.0
967,0.10000000149011612
968,0.10000000149011612
969,0.0
970,0.0
971,0.09000000171363354
972,0.0
973,0.0
974,0.10000000149011612
975,0.0
976,0.10000000149011612
977,0.09000000171363354
978,0.10000000149011612
979,0.10000000149011612
980,0.0
981,0.10000000149011612
982,0.0
983,0.0
984,0.0
985,0.0
986,0.10000000149011612
987,0.0
988,0.0
989,0.10000000149011612
990,0.0
991,0.10000000149011612
992,0.0
993,0.0
994,0.09000000171363354
995,0.0
996,0.10000000149011612
997,0.0
998,0.0
999,0.10000000149011612
1000,0.10000000149011612
1001,0.0
1002,0.0
1003,0.0
1004,0.09000000171363354
1005,0.10000000149011612
1006,0.10000000149011612
1007,0.0
1008,0.10000000149011612
1009,0.0
1010,0.0
1011,0.10000000149011612
1012,0.09000000171363354
1013,0.0
1014,0.0
1015,0.0
1016,0.10000000149011612
1017,0.19000000320374966
1018,0.10000000149011612
1019,0.0
1020,0.10000000149011612
1021,0.0
1022,0.10000000149011612
1023,0.09000000171363354
1024,0.0
1025,0.10000000149011612
1026,0.09000000171363354
1027,0.10000000149011612
1028,0.09000000171363354
1029,0.0
1030,0.10000000149011612
1031,0.10000000149011612
1032,0.0
1033,0.0
1034,0.0
1035,0.10000000149011612
1036,0.10000000149011612
1037,0.0
1038,0.0
1039,0.0
1040,0.0
1041,0.10000000149011612
1042,0.0
1043,0.0
1044,0.09000000171363354
1045,0.10000000149011612
1046,0.10000000149011612
1047,0.09000000171363354
1048,0.10000000149011612
1049,0.10000000149011612
1050,0.0
1051,0.0
1052,0.0
1053,0.09000000171363354
1054,0.0
1055,0.0
1056,0.0
1057,0.10000000149011612
1058,0.09000000171363354
1059,0.0
1060,0.0
1061,0.10000000149011612
1062,0.0
1063,0.0
1064,0.0
1065,0.0
1066,0.10000000149011612
1067,0.0
1068,0.0
1069,0.0
1070,0.10000000149011612
1071,0.0
1072,0.10000000149011612
1073,0.10000000149011612
1074,0.09000000171363354
1075,0.10000000149011612
1076,0.10000000149011612
1077,0.09000000171363354
1078,0.10000000149011612
1079,0.0
1080,0.10000000149011612
1081,0.0
1082,0.0
1083,0.0
1084,0.0
1085,0.0
1086,0.0
1087,0.0
1088,0.09000000171363354
1089,0.0
1090,0.10000000149011612
1091,0.0
1092,0.10000000149011612
1093,0.10000000149011612
1094,0.09000000171363354
1095,0.09000000171363354
1096,0.0
1097,0.0
1098,0.10000000149011612
1099,0.0
1100,0.10000000149011612
1101,0.0
1102,0.0
1103,0.09000000171363354
1104,0.0
1105,0.0
1106,0.0
1107,0.10000000149011612
1108,0.10000000149011612
1109,0.10000000149011612
1110,0.0
1111,0.19000000320374966
1112,0.10000000149011612
1113,0.0
1114,0.09000000171363354
1115,0.10000000149011612
1116,0.0
1117,0.0
1118,0.10000000149011612
1119,0.19000000320374966
1120,0.10000000149011612
1121,0.10000000149011612
1122,0.0
1123,0.09000000171363354
1124,0.10000000149011612
1125,0.10000000149011612
1126,0.20000000298023224
1127,0.10000000149011612
1128,0.10000000149011612
1129,0.0
1130,0.10000000149011612
1131,0.0
1132,0.10000000149011612
1133,0.0
1134,0.10000000149011612
1135,0.10000000149011612
1136,0.0
1137,0.09000000171363354
1138,0.0
1139,0.10000000149011612
1140,0.0
1141,0.10000000149011612
1142,0.10000000149011612
1143,0.0
1144,0.10000000149011612
1145,0.09000000171363354
1146,0.10000000149011612
1147,0.09000000171363354
1148,0.10000000149011612
1149,0.0
1150,0.09000000171363354
1151,0.0
1152,0.0
1153,0.20000000298023224
1154,0.10000000149011612
1155,0.10000000149011612
1156,0.10000000149011612
1157,0.10000000149011612
1158,0.10000000149011612
1159,0.0
1160,0.10000000149011612
1161,0.0
1162,0.10000000149011612
1163,0.0
1164,0.0
1165,0.10000000149011612
1166,0.0
1167,0.10000000149011612
1168,0.0
1169,0.0
1170,0.20000000298023224
1171,0.0
1172,0.10000000149011612
1173,0.10000000149011612
1174,0.09000000171363354
1175,0.0
1176,0.10000000149011612
1177,0.09000000171363354
1178,0.10000000149011612
1179,0.10000000149011612
1180,0.0
1181,0.09000000171363354
1182,0.10000000149011612
1183,0.10000000149011612
1184,0.10000000149011612
1185,0.10000000149011612
1186,0.10000000149011612
1187,0.0
1188,0.10000000149011612
1189,0.0
1190,0.10000000149011612
1191,0.0
1192,0.0
1193,0.10000000149011612
1194,0.0
1195,0.10000000149011612
1196,0.10000000149011612
1197,0.09000000171363354
1198,0.0
1199,0.0
1200,0.10000000149011612
1201,0.09000000171363354
1202,0.10000000149011612
1203,0.10000000149011612
1204,0.10000000149011612
1205,0.09000000171363354
1206,0.0
1207,0.10000000149011612
1208,0.10000000149011612
1209,0.10000000149011612
1210,0.10000000149011612
1211,0.0
1212,0.10000000149011612
1213,0.10000000149011612
1214,0.0
1215,0.0
1216,0.0
1217,0.09000000171363354
1218,0.0
1219,0.10000000149011612
1220,0.10000000149011612
1221,0.0
1222,0.09000000171363354
1223,0.09000000171363354
1224,0.0
1225,0.0
1226,0.09000000171363354
1227,0.10000000149011612
1228,0.0
1229,0.0
1230,0.10000000149011612
1231,0.0
1232,0.10000000149011612
1233,0.10000000149011612
1234,0.10000000149011612
1235,0.10000000149011612
1236,0.10000000149011612
1237,0.10000000149011612
1238,0.10000000149011612
1239,0.09000000171363354
1240,0.0
1241,0.10000000149011612
1242,0.0
1243,0.10000000149011612
1244,0.0
1245,0.0
1246,0.0
1247,0.0
1248,0.09000000171363354
1249,0.10000000149011612
1250,0.0
1251,0.0
1252,0.10000000149011612
1253,0.0
1254,0.0
1255,0.10000000149011612
1256,0.0
1257,0.0
1258,0.0
1259,0.10000000149011612
1260,0.09000000171363354
1261,0.0
1262,0.10000000149011612
1263,0.0
1264,0.0
1265,0.10000000149011612
1266,0.10000000149011612
1267,0.0
1268,0.10000000149011612
1269,0.0
1270,0.10000000149011612
1271,0.10000000149011612
1272,0.10000000149011612
1273,0.09000000171363354
1274,0.09000000171363354
1275,0.10000000149011612
1276,0.10000000149011612
1277,0.10000000149011612
1278,0.0
1279,0.09000000171363354
1280,0.20000000298023224
1281,0.10000000149011612
1282,0.0
1283,0.10000000149011612
1284,0.10000000149011612
1285,0.10000000149011612
1286,0.20000000298023224
1287,0.10000000149011612
1288,0.20000000298023224
1289,0.0
1290,0.0
1291,0.10000000149011612
1292,0.0
1293,0.10000000149011612
1294,0.10000000149011612
1295,0.09000000171363354
1296,0.0
1297,0.10000000149011612
1298,0.10000000149011612
1299,0.0
1300,0.10000000149011612
1301,0.0
1302,0.0
1303,0.0
1304,0.0
1305,0.0
1306,0.10000000149011612
1307,0.10000000149011612
1308,0.0
1309,0.10000000149011612
1310,0.10000000149011612
1311,0.10000000149011612
1312,0.09000000171363354
1313,0.10000000149011612
1314,0.10000000149011612
1315,0.10000000149011612
1316,0.0
1317,0.10000000149011612
1318,0.09000000171363354
1319,0.0
1320,0.10000000149011612
1321,0.0
1322,0.20000000298023224
1323,0.10000000149011612
1324,0.2900000046938658
1325,0.10000000149011612
1326,0.10000000149011612
1327,0.0
1328,0.09000000171363354
1329,0.0
1330,0.10000000149011612
1331,0.10000000149011612
1332,0.0
1333,0.10000000149011612
1334,0.10000000149011612
1335,0.10000000149011612
1336,0.10000000149011612
1337,0.10000000149011612
1338,0.0
1339,0.10000000149011612
1340,0.10000000149011612
1341,0.0
1342,0.10000000149011612
1343,0.0
1344,0.10000000149011612
1345,0.09000000171363354
1346,0.10000000149011612
1347,0.0
1348,0.10000000149011612
1349,0.10000000149011612
1350,0.10000000149011612
1351,0.10000000149011612
1352,0.10000000149011612
1353,0.20000000298023224
1354,0.10000000149011612
1355,0.10000000149011612
1356,0.20000000298023224
1357,0.10000000149011612
1358,0.10000000149011612
1359,0.0
1360,0.0
1361,0.19000000320374966
1362,0.09000000171363354
1363,0.20000000298023224
1364,0.10000000149011612
1365,0.10000000149011612
1366,0.0
1367,0.10000000149011612
1368,0.10000000149011612
1369,0.10000000149011612
1370,0.0
1371,0.20000000298023224
1372,0.10000000149011612
1373,0.10000000149011612
1374,0.10000000149011612
1375,0.09000000171363354
1376,0.10000000149011612
1377,0.10000000149011612
1378,0.19000000320374966
1379,0.10000000149011612
1380,0.09000000171363354
1381,0.09000000171363354
1382,0.10000000149011612
1383,0.10000000149011612
1384,0.0
1385,0.0
1386,0.09000000171363354
1387,0.10000000149011612
1388,0.10000000149011612
1389,0.10000000149011612
1390,0.09000000171363354
1391,0.0
1392,0.10000000149011612
1393,0.09000000171363354
1394,0.09000000171363354
1395,0.10000000149011612
1396,0.09000000171363354
1397,0.10000000149011612
1398,0.09000000171363354
1399,0.10000000149011612
1400,0.19000000320374966
1401,0.10000000149011612
1402,0.20000000298023224
1403,0.10000000149011612
1404,0.10000000149011612
1405,0.20000000298023224
1406,0.10000000149011612
1407,0.0
1408,0.0
1409,0.09000000171363354
1410,0.10000000149011612
1411,0.0
1412,0.20000000298023224
1413,0.3900000061839819
1414,0.10000000149011612
1415,0.10000000149011612
1416,0.10000000149011612
1417,0.10000000149011612
1418,0.19000000320374966
1419,0.10000000149011612
1420,0.10000000149011612
1421,0.0
1422,0.10000000149011612
1423,0.0
1424,0.10000000149011612
1425,0.10000000149011612
1426,0.10000000149011612
1427,0.10000000149011612
1428,0.10000000149011612
1429,0.10000000149011612
1430,0.0
1431,0.10000000149011612
1432,0.10000000149011612
1433,0.10000000149011612
1434,0.10000000149011612
1435,0.10000000149011612
1436,0.20000000298023224
1437,0.10000000149011612
1438,0.0
1439,0.0
1440,0.0
1441,0.20000000298023224
1442,0.20000000298023224
1443,0.10000000149011612
1444,0.30000000447034836
1445,0.10000000149011612
1446,0.0
1447,0.10000000149011612
1448,0.0
1449,0.10000000149011612
1450,0.10000000149011612
1451,0.10000000149011612
1452,0.10000000149011612
1453,0.0
1454,0.20000000298023224
1455,0.10000000149011612
1456,0.10000000149011612
1457,0.10000000149011612
1458,0.10000000149011612
1459,0.0
1460,0.10000000149011612
1461,0.0
1462,0.10000000149011612
1463,0.09000000171363354
1464,0.10000000149011612
1465,0.10000000149011612
1466,0.10000000149011612
1467,0.0
1468,0.0
1469,0.10000000149011612
1470,0.10000000149011612
1471,0.0
1472,0.10000000149011612
1473,0.10000000149011612
1474,0.0
1475,0.19000000320374966
1476,0.09000000171363354
1477,0.10000000149011612
1478,0.19000000320374966
1479,0.09000000171363354
1480,0.19000000320374966
1481,0.10000000149011612
1482,0.10000000149011612
1483,0.0
1484,0.10000000149011612
1485,0.30000000447034836
1486,0.10000000149011612
1487,0.10000000149011612
1488,0.10000000149011612
1489,0.10000000149011612
1490,0.0
1491,0.20000000298023224
1492,0.20000000298023224
1493,0.10000000149011612
1494,0.20000000298023224
1495,0.10000000149011612
1496,0.19000000320374966
1497,0.09000000171363354
1498,0.0
1499,0.19000000320374966
1500,0.10000000149011612
1501,0.20000000298023224
1502,0.09000000171363354
1503,0.0
1504,0.10000000149011612
1505,0.10000000149011612
1506,0.10000000149011612
1507,0.20000000298023224
1508,0.20000000298023224
1509,0.10000000149011612
1510,0.0
1511,0.10000000149011612
1512,0.0
1513,0.0
1514,0.09000000171363354
1515,0.09000000171363354
1516,0.20000000298023224
1517,0.10000000149011612
1518,0.10000000149011612
1519,0.20000000298023224
1520,0.0
1521,0.20000000298023224
1522,0.20000000298023224
1523,0.0
1524,0.0
1525,0.10000000149011612
1526,0.10000000149011612
1527,0.20000000298023224
1528,0.20000000298023224
1529,0.10000000149011612
1530,0.10000000149011612
1531,0.20000000298023224
1532,0.0
1533,0.20000000298023224
1534,0.10000000149011612
1535,0.10000000149011612
1536,0.20000000298023224
1537,0.0
1538,0.10000000149011612
1539,0.10000000149011612
1540,0.10000000149011612
1541,0.20000000298023224
1542,0.10000000149011612
1543,0.09000000171363354
1544,0.10000000149011612
1545,0.20000000298023224
1546,0.10000000149011612
1547,0.10000000149011612
1548,0.10000000149011612
1549,0.10000000149011612
1550,0.10000000149011612
1551,0.10000000149011612
1552,0.10000000149011612
1553,0.20000000298023224
1554,0.20000000298023224
1555,0.10000000149011612
1556,0.10000000149011612
1557,0.0
1558,0.20000000298023224
1559,0.19000000320374966
1560,0.20000000298023224
1561,0.10000000149011612
1562,0.0
1563,0.20000000298023224
1564,0.10000000149011612
1565,0.20000000298023224
1566,0.0
1567,0.0
1568,0.10000000149011612
1569,0.0
1570,0.09000000171363354
1571,0.0
1572,0.10000000149011612
1573,0.19000000320374966
1574,0.20000000298023224
1575,0.10000000149011612
1576,0.10000000149011612
1577,0.10000000149011612
1578,0.20000000298023224
1579,0.10000000149011612
1580,0.0
1581,0.20000000298023224
1582,0.0
1583,0.0
1584,0.0
1585,0.0
1586,0.10000000149011612
1587,0.0
1588,0.10000000149011612
1589,0.10000000149011612
1590,0.10000000149011612
1591,0.10000000149011612
1592,0.4000000059604645
1593,0.20000000298023224
1594,0.10000000149011612
1595,0.19000000320374966
1596,0.0
1597,0.0
1598,0.10000000149011612
1599,0.10000000149011612
1600,0.10000000149011612
1601,0.10000000149011612
1602,0.10000000149011612
1603,0.10000000149011612
1604,0.10000000149011612
1605,0.0
1606,0.0
1607,0.19000000320374966
1608,0.0
1609,0.10000000149011612
1610,0.0
1611,0.09000000171363354
1612,0.0
1613,0.10000000149011612
1614,0.09000000171363354
1615,0.10000000149011612
1616,0.10000000149011612
1617,0.6000000089406967
1618,0.10000000149011612
1619,0.4000000059604645
1620,0.10000000149011612
1621,0.09000000171363354
1622,0.20000000298023224
1623,0.10000000149011612
1624,0.10000000149011612
1625,0.10000000149011612
1626,0.10000000149011612
1627,0.10000000149011612
1628,0.10000000149011612
1629,0.10000000149011612
1630,0.10000000149011612
1631,0.10000000149011612
1632,0.10000000149011612
1633,0.2900000046938658
1634,0.19000000320374966
1635,0.10000000149011612
1636,0.10000000149011612
1637,0.0
1638,0.20000000298023224
1639,0.10000000149011612
1640,0.10000000149011612
1641,0.20000000298023224
1642,0.09000000171363354
1643,0.10000000149011612
1644,0.10000000149011612
1645,0.20000000298023224
1646,0.10000000149011612
1647,0.20000000298023224
1648,0.10000000149011612
1649,0.10000000149011612
1650,0.20000000298023224
1651,0.10000000149011612
1652,0.0
1653,0.30000000447034836
1654,0.0
1655,0.20000000298023224
1656,0.20000000298023224
1657,0.10000000149011612
1658,0.20000000298023224
1659,0.10000000149011612
1660,0.10000000149011612
1661,0.30000000447034836
1662,0.30000000447034836
1663,0.20000000298023224
1664,0.10000000149011612
1665,0.10000000149011612
1666,0.0
1667,0.20000000298023224
1668,0.10000000149011612
1669,0.10000000149011612
1670,0.10000000149011612
1671,0.20000000298023224
1672,0.20000000298023224
1673,0.09000000171363354
1674,0.0
1675,0.10000000149011612
1676,0.10000000149011612
1677,0.10000000149011612
1678,0.0
1679,0.10000000149011612
1680,0.10000000149011612
1681,0.30000000447034836
1682,0.10000000149011612
1683,0.20000000298023224
1684,0.30000000447034836
1685,0.4000000059604645
1686,0.20000000298023224
1687,0.10000000149011612
1688,0.5000000074505806
1689,0.30000000447034836
1690,0.19000000320374966
1691,0.30000000447034836
1692,0.10000000149011612
1693,0.4000000059604645
1694,0.30000000447034836
1695,0.10000000149011612
1696,0.30000000447034836
1697,0.20000000298023224
1698,0.19000000320374966
1699,0.5000000074505806
1700,0.0
1701,0.10000000149011612
1702,0.20000000298023224
1703,0.10000000149011612
1704,0.0
1705,0.10000000149011612
1706,0.10000000149011612
1707,0.20000000298023224
1708,0.10000000149011612
1709,0.0
1710,0.10000000149011612
1711,0.10000000149011612
1712,0.0
1713,0.20000000298023224
1714,0.20000000298023224
1715,0.0
1716,0.4000000059604645
1717,0.20000000298023224
1718,0.09000000171363354
1719,0.10000000149011612
1720,0.0
1721,0.20000000298023224
1722,0.0
1723,0.0
1724,0.09000000171363354
1725,0.10000000149011612
1726,0.0
1727,0.10000000149011612
1728,0.5000000074505806
1729,0.10000000149011612
1730,0.10000000149011612
1731,0.10000000149011612
1732,0.10000000149011612
1733,0.19000000320374966
1734,0.10000000149011612
1735,0.10000000149011612
1736,0.0
1737,0.10000000149011612
1738,0.20000000298023224
1739,0.10000000149011612
1740,0.10000000149011612
1741,0.20000000298023224
1742,0.10000000149011612
1743,0.10000000149011612
1744,0.20000000298023224
1745,0.20000000298023224
1746,0.20000000298023224
1747,0.30000000447034836
1748,0.20000000298023224
1749,0.10000000149011612
1750,0.10000000149011612
1751,0.10000000149011612
1752,0.10000000149011612
1753,0.20000000298023224
1754,0.10000000149011612
1755,0.0
1756,0.10000000149011612
1757,0.20000000298023224
1758,0.30000000447034836
1759,0.10000000149011612
1760,0.10000000149011612
1761,0.10000000149011612
1762,0.0
1763,0.0
1764,0.10000000149011612
1765,0.5000000074505806
1766,0.30000000447034836
1767,0.7000000104308128
1768,0.10000000149011612
1769,0.10000000149011612
1770,0.20000000298023224
1771,0.20000000298023224
1772,0.4000000059604645
1773,0.20000000298023224
1774,0.30000000447034836
1775,0.20000000298023224
1776,0.30000000447034836
1777,0.20000000298023224
1778,0.10000000149011612
1779,0.4000000059604645
1780,0.30000000447034836
1781,0.0
1782,0.0
1783,0.20000000298023224
1784,0.5000000074505806
1785,0.0
1786,0.4000000059604645
1787,0.10000000149011612
1788,0.10000000149011612
1789,0.20000000298023224
1790,0.10000000149011612
1791,0.20000000298023224
1792,0.0
1793,0.20000000298023224
1794,0.20000000298023224
1795,0.20000000298023224
1796,0.0
1797,0.10000000149011612
1798,0.0
1799,0.09000000171363354
1800,0.0
1801,0.0
1802,0.10000000149011612
1803,0.20000000298023224
1804,0.10000000149011612
1805,0.10000000149011612
1806,0.10000000149011612
1807,0.20000000298023224
1808,0.20000000298023224
1809,0.10000000149011612
1810,0.09000000171363354
1811,0.10000000149011612
1812,0.30000000447034836
1813,0.0
1814,0.20000000298023224
1815,0.20000000298023224
1816,0.20000000298023224
1817,0.0
1818,0.4000000059604645
1819,0.20000000298023224
1820,0.3900000061839819
1821,0.4000000059604645
1822,0.10000000149011612
1823,0.30000000447034836
1824,0.20000000298023224
1825,0.10000000149011612
1826,0.10000000149011612
1827,0.20000000298023224
1828,0.20000000298023224
1829,0.10000000149011612
1830,0.20000000298023224
1831,0.6000000089406967
1832,0.10000000149011612
1833,0.20000000298023224
1834,0.30000000447034836
1835,0.4000000059604645
1836,0.5000000074505806
1837,0.10000000149011612
1838,0.4000000059604645
1839,1.5000000223517418
1840,0.30000000447034836
1841,0.10000000149011612
1842,0.30000000447034836
1843,0.30000000447034836
1844,0.10000000149011612
1845,0.20000000298023224
1846,0.0
1847,0.30000000447034836
1848,0.7000000104308128
1849,0.30000000447034836
1850,0.10000000149011612
1851,0.10000000149011612
1852,0.2900000046938658
1853,0.0
1854,0.9000000134110451
1855,0.6000000089406967
1856,0.0
1857,0.30000000447034836
1858,0.0
1859,0.20000000298023224
1860,0.7000000104308128
1861,0.4000000059604645
1862,0.10000000149011612
1863,0.10000000149011612
1864,0.10000000149011612
1865,0.10000000149011612
1866,0.0
1867,0.10000000149011612
1868,0.30000000447034836
1869,0.30000000447034836
1870,0.10000000149011612
1871,0.20000000298023224
1872,0.0
1873,0.30000000447034836
1874,0.20000000298023224
1875,1.0900000166147947
1876,0.4000000059604645
1877,0.5000000074505806
1878,0.10000000149011612
1879,0.20000000298023224
1880,0.4000000059604645
1881,0.10000000149011612
1882,0.800000011920929
1883,0.5000000074505806
1884,0.0
1885,0.30000000447034836
1886,0.30000000447034836
1887,0.30000000447034836
1888,0.30000000447034836
1889,0.0
1890,0.4000000059604645
1891,0.4000000059604645
1892,0.09000000171363354
1893,0.0
1894,0.0
1895,0.10000000149011612
1896,0.7000000104308128
1897,0.0
1898,0.800000011920929
1899,0.30000000447034836
1900,0.20000000298023224
1901,0.10000000149011612
1902,0.5000000074505806
1903,0.0
1904,0.10000000149011612
1905,0.20000000298023224
1906,0.10000000149011612
1907,0.10000000149011612
1908,0.10000000149011612
1909,0.10000000149011612
1910,0.10000000149011612
1911,0.30000000447034836
1912,0.10000000149011612
1913,0.10000000149011612
1914,0.10000000149011612
1915,0.4000000059604645
1916,0.6000000089406967
1917,0.30000000447034836
1918,0.20000000298023224
1919,0.30000000447034836
1920,0.0
1921,0.10000000149011612
1922,0.20000000298023224
1923,0.20000000298023224
1924,0.20000000298023224
1925,0.800000011920929
1926,1.600000023841858
1927,0.0
1928,0.10000000149011612
1929,0.0
1930,0.10000000149011612
1931,0.6000000089406967
1932,0.0
1933,0.30000000447034836
1934,0.4000000059604645
1935,0.20000000298023224
1936,0.10000000149011612
1937,0.0
1938,0.7000000104308128
1939,0.20000000298023224
1940,0.19000000320374966
1941,0.30000000447034836
1942,0.9000000134110451
1943,0.0
1944,0.4000000059604645
1945,0.20000000298023224
1946,0.6000000089406967
1947,1.600000023841858
1948,0.10000000149011612
1949,0.4000000059604645
1950,0.6000000089406967
1951,0.4000000059604645
1952,0.7000000104308128
1953,0.5000000074505806
1954,1.2000000178813934
1955,0.10000000149011612
1956,0.20000000298023224
1957,0.20000000298023224
1958,0.9000000134110451
1959,2.3000000342726707
1960,0.5000000074505806
1961,0.2900000046938658
1962,0.4000000059604645
1963,0.10000000149011612
1964,0.0
1965,0.30000000447034836
1966,0.7000000104308128
1967,0.800000011920929
1968,0.5000000074505806
1969,0.0
1970,0.5000000074505806
1971,0.19000000320374966
1972,0.4000000059604645
1973,0.10000000149011612
1974,0.20000000298023224
1975,0.0
1976,0.10000000149011612
1977,0.7000000104308128
1978,0.30000000447034836
1979,0.800000011920929
1980,1.1000000163912773
1981,0.20000000298023224
1982,0.9000000134110451
1983,0.09000000171363354
1984,0.10000000149011612
1985,0.800000011920929
1986,0.6000000089406967
1987,0.4000000059604645
1988,1.5000000223517418
1989,0.10000000149011612
1990,0.10000000149011612
1991,0.30000000447034836
1992,0.9000000134110451
1993,0.0
1994,0.20000000298023224
1995,0.30000000447034836
1996,0.5000000074505806
1997,0.10000000149011612
1998,0.6000000089406967
1999,1.2000000178813934
2000,0.0
2001,0.20000000298023224
2002,0.20000000298023224
2003,0.0
2004,0.7000000104308128
2005,1.1900000181049109
2006,0.20000000298023224
2007,0.10000000149011612
2008,0.20000000298023224
2009,0.10000000149011612
2010,0.10000000149011612
2011,0.4000000059604645
2012,0.7000000104308128
2013,0.0
2014,0.10000000149011612
2015,0.5000000074505806
2016,0.10000000149011612
2017,2.500000037252903
2018,0.0
2019,1.0000000149011612
2020,0.800000011920929
2021,1.3000000193715096
2022,0.10000000149011612
2023,0.4000000059604645
2024,0.10000000149011612
2025,0.10000000149011612
2026,0.5000000074505806
2027,0.0
2028,0.7000000104308128
2029,0.20000000298023224
2030,0.5000000074505806
2031,0.10000000149011612
2032,0.20000000298023224
2033,0.10000000149011612
2034,0.5000000074505806
2035,0.7000000104308128
2036,0.20000000298023224
2037,1.1000000163912773
2038,0.20000000298023224
2039,1.2000000178813934
2040,0.4000000059604645
2041,0.10000000149011612
2042,0.30000000447034836
2043,0.30000000447034836
2044,0.30000000447034836
2045,0.20000000298023224
2046,0.4000000059604645
2047,0.10000000149011612
2048,0.30000000447034836
2049,0.4000000059604645
2050,0.10000000149011612
2051,0.10000000149011612
2052,0.6000000089406967
2053,0.0
2054,0.30000000447034836
2055,0.10000000149011612
2056,0.7000000104308128
2057,0.30000000447034836
2058,0.5000000074505806
2059,0.20000000298023224
2060,2.3000000342726707
2061,0.10000000149011612
2062,0.20000000298023224
2063,0.30000000447034836
2064,0.20000000298023224
2065,2.600000038743019
2066,0.4000000059604645
2067,1.2000000178813934
2068,0.20000000298023224
2069,0.30000000447034836
2070,2.1000000312924385
2071,0.30000000447034836
2072,0.30000000447034836
2073,2.1000000312924385
2074,0.0
2075,0.6000000089406967
2076,0.9000000134110451
2077,0.20000000298023224
2078,2.2000000327825546
2079,2.600000038743019
2080,0.4000000059604645
2081,0.5000000074505806
2082,1.4000000208616257
2083,1.0000000149011612
2084,0.5000000074505806
2085,0.30000000447034836
2086,0.10000000149011612
2087,0.09000000171363354
2088,0.10000000149011612
2089,0.19000000320374966
2090,0.6900000106543303
2091,1.3000000193715096
2092,1.2000000178813934
2093,0.10000000149011612
2094,2.0000000298023224
2095,0.10000000149011612
2096,0.7000000104308128
2097,0.10000000149011612
2098,1.0000000149011612
2099,1.2000000178813934
2100,2.600000038743019
2101,2.0000000298023224
2102,0.9000000134110451
2103,0.20000000298023224
2104,0.2900000046938658
2105,1.8000000268220901
2106,1.600000023841858
2107,0.30000000447034836
2108,0.30000000447034836
2109,0.20000000298023224
2110,1.0000000149011612
2111,0.5000000074505806
2112,1.4000000208616257
2113,1.2000000178813934
2114,1.8000000268220901
2115,2.600000038743019
2116,2.2000000327825546
2117,0.5000000074505806
2118,0.5000000074505806
2119,0.5000000074505806
2120,0.4000000059604645
2121,0.7000000104308128
2122,1.700000025331974
2123,2.600000038743019
2124,0.5000000074505806
2125,2.600000038743019
2126,2.600000038743019
2127,1.5000000223517418
2128,0.30000000447034836
2129,0.0
2130,2.600000038743019
2131,0.3900000061839819
2132,0.30000000447034836
2133,0.6000000089406967
2134,0.6000000089406967
2135,2.1000000312924385
2136,0.9000000134110451
2137,0.20000000298023224
2138,2.600000038743019
2139,2.500000037252903
2140,2.600000038743019
2141,1.9000000283122063
2142,2.600000038743019
2143,0.6000000089406967
2144,0.800000011920929
2145,0.30000000447034836
2146,0.800000011920929
2147,0.6000000089406967
2148,0.5000000074505806
2149,0.20000000298023224
2150,1.1000000163912773
2151,2.500000037252903
2152,1.3000000193715096
2153,1.5000000223517418
2154,1.2000000178813934
2155,1.8000000268220901
2156,0.20000000298023224
2157,0.30000000447034836
2158,2.600000038743019
2159,0.7000000104308128
2160,2.2000000327825546
2161,1.600000023841858
2162,1.2000000178813934
2163,0.4000000059604645
2164,2.600000038743019
2165,0.7000000104308128
2166,0.800000011920929
2167,1.1000000163912773
2168,1.3000000193715096
2169,2.600000038743019
2170,0.20000000298023224
2171,0.8900000154972076
2172,2.1000000312924385
2173,1.2000000178813934
2174,0.9000000134110451
2175,0.6000000089406967
2176,0.30000000447034836
2177,1.3000000193715096
2178,0.10000000149011612
2179,0.800000011920929
2180,0.5000000074505806
2181,1.3000000193715096
2182,0.30000000447034836
2183,1.600000023841858
2184,2.600000038743019
2185,0.20000000298023224
2186,2.600000038743019
2187,2.1000000312924385
2188,0.800000011920929
2189,1.600000023841858
2190,0.800000011920929
2191,2.600000038743019
2192,0.7000000104308128
2193,0.20000000298023224
2194,1.3000000193715096
2195,1.5000000223517418
2196,0.7000000104308128
2197,0.30000000447034836
2198,2.600000038743019
2199,0.6000000089406967
2200,0.30000000447034836
2201,2.600000038743019
2202,2.7000000402331352
2203,2.3000000342726707
2204,0.6900000106543303
2205,0.5000000074505806
2206,2.600000038743019
2207,0.10000000149011612
2208,2.7000000402331352
2209,1.3000000193715096
2210,0.30000000447034836
2211,2.600000038743019
2212,0.9000000134110451
2213,2.1000000312924385
2214,0.10000000149011612
2215,2.600000038743019
2216,2.7000000402331352
2217,1.2000000178813934
2218,2.600000038743019
2219,2.600000038743019
2220,2.7000000402331352
2221,0.10000000149011612
2222,2.600000038743019
2223,1.5900000240653753
2224,2.600000038743019
2225,2.7000000402331352
2226,2.600000038743019
2227,0.800000011920929
2228,1.1000000163912773
2229,2.3000000342726707
2230,1.600000023841858
2231,1.0000000149011612
2232,1.3000000193715096
2233,0.7000000104308128
2234,2.600000038743019
2235,0.20000000298023224
2236,0.800000011920929
2237,1.8000000268220901
2238,2.600000038743019
2239,2.7000000402331352
2240,2.7000000402331352
2241,0.4000000059604645
2242,2.600000038743019
2243,0.6000000089406967
2244,2.600000038743019
2245,1.1000000163912773
2246,2.600000038743019
2247,0.20000000298023224
2248,2.3000000342726707
2249,0.0
2250,2.600000038743019
2251,2.600000038743019
2252,0.800000011920929
2253,0.10000000149011612
2254,2.600000038743019
2255,2.7000000402331352
2256,0.30000000447034836
2257,2.600000038743019
2258,0.6000000089406967
2259,2.400000035762787
2260,1.2000000178813934
2261,1.1000000163912773
2262,0.10000000149011612
2263,2.600000038743019
2264,2.400000035762787
2265,2.600000038743019
2266,2.7000000402331352
2267,0.6000000089406967
2268,2.600000038743019
2269,1.700000025331974
2270,1.8000000268220901
2271,2.600000038743019
2272,2.7000000402331352
2273,1.5000000223517418
2274,1.2000000178813934
2275,0.800000011920929
2276,2.600000038743019
2277,0.800000011920929
2278,2.600000038743019
2279,0.20000000298023224
2280,1.3000000193715096
2281,1.2000000178813934
2282,0.4000000059604645
2283,0.20000000298023224
2284,2.600000038743019
2285,0.7000000104308128
2286,2.500000037252903
2287,1.2000000178813934
2288,0.5000000074505806
2289,0.800000011920929
2290,1.4000000208616257
2291,0.10000000149011612
2292,2.600000038743019
2293,0.0
2294,1.4000000208616257
2295,0.9000000134110451
2296,1.9000000283122063
2297,2.600000038743019
2298,2.0000000298023224
2299,0.800000011920929
2300,0.800000011920929
2301,2.600000038743019
2302,0.20000000298023224
2303,1.8000000268220901
2304,1.290000019595027
2305,0.7000000104308128
2306,2.2000000327825546
2307,2.600000038743019
2308,0.0
2309,1.700000025331974
2310,1.5000000223517418
2311,0.10000000149011612
2312,0.6000000089406967
2313,2.600000038743019
2314,2.600000038743019
2315,1.3900000229477882
2316,2.600000038743019
2317,1.5900000240653753
2318,2.400000035762787
2319,2.600000038743019
2320,0.10000000149011612
2321,0.30000000447034836
2322,0.4000000059604645
2323,1.2000000178813934
2324,2.600000038743019
2325,0.4000000059604645
2326,0.2900000046938658
2327,0.800000011920929
2328,2.600000038743019
2329,0.5000000074505806
2330,1.9000000283122063
2331,2.600000038743019
2332,2.7000000402331352
2333,0.5000000074505806
2334,1.2000000178813934
2335,0.10000000149011612
2336,1.0000000149011612
2337,1.4000000208616257
2338,1.0900000166147947
2339,1.0000000149011612
2340,2.600000038743019
2341,0.10000000149011612
2342,0.5000000074505806
2343,2.600000038743019
2344,0.6000000089406967
2345,2.400000035762787
2346,0.800000011920929
2347,2.600000038743019
2348,0.5000000074505806
2349,2.600000038743019
2350,2.600000038743019
2351,0.10000000149011612
2352,2.600000038743019
2353,2.7000000402331352
2354,0.4000000059604645
2355,2.600000038743019
2356,0.4000000059604645
2357,2.600000038743019
2358,1.600000023841858
2359,2.600000038743019
2360,2.600000038743019
2361,0.10000000149011612
2362,2.600000038743019
2363,0.10000000149011612
2364,2.600000038743019
2365,0.10000000149011612
2366,0.10000000149011612
2367,1.5000000223517418
2368,2.600000038743019
2369,0.9000000134110451
2370,2.600000038743019
2371,1.1000000163912773
2372,2.600000038743019
2373,0.9000000134110451
2374,0.7000000104308128
2375,2.600000038743019
2376,0.20000000298023224
2377,0.4000000059604645
2378,0.10000000149011612
2379,2.600000038743019
2380,0.10000000149011612
2381,1.5900000240653753
2382,2.600000038743019
2383,0.4000000059604645
2384,0.20000000298023224
2385,2.3000000342726707
2386,2.600000038743019
2387,0.5000000074505806
2388,0.5000000074505806
2389,0.5000000074505806
2390,0.30000000447034836
2391,2.600000038743019
2392,1.4000000208616257
2393,2.600000038743019
2394,0.10000000149011612
2395,0.800000011920929
2396,0.7000000104308128
2397,2.600000038743019
2398,0.20000000298023224
2399,2.600000038743019
2400,1.4000000208616257
2401,2.600000038743019
2402,1.9000000283122063
2403,0.30000000447034836
